{"policy/mean_noise_std":1.4860177040100098,"episode/rew_jump_height_achievement":0,"episode/rew_jump_height_tracking":0.05253440886735916,"_wandb":{"runtime":998},"loss/learning_rate":1e-05,"iteration":1000,"episode/rew_tracking_lin_vel":0.3644373416900635,"episode/rew_action_rate":-0.1143127903342247,"perf/collection_time":0.595320463180542,"loss/surrogate":-0.014850659994408488,"episode/rew_jump_speed":0.05463495850563049,"train/mean_episode_length":757.05,"episode/rew_jump_landing":-0.00032891210867092013,"_runtime":998.4674624,"perf/fps":8178,"loss/value_function":0.015213147830218076,"_timestamp":1.770675812056545e+09,"episode/rew_lin_vel_z":-0.013762584887444973,"perf/learning_time":0.15589666366577148,"episode/rew_similar_to_default":-0.08002942055463791,"episode/rew_base_height":-0.06999719142913818,"_step":1000,"episode/rew_tracking_ang_vel":0.11211094260215759,"train/mean_reward":5.757655055206269}