{"_runtime":461.6390325,"train/total_reward":106.47603401660919,"rewards/forward_motion":1.4895880222320557,"rewards/energy_smoothness":-1.1582468748092651,"_step":271,"rewards/sine_gait":2.2195119857788086,"rewards/death_penalty":-0.019999999552965164,"_timestamp":1.77086288170141e+09,"_wandb":{"runtime":461},"rewards/height_consistency":1.6980829238891602,"rewards/upright_posture":0.8527364730834961}